Outcome,OR,IC 95% Inferior,IC 95% Superior,p-valor,Significativo
ROSC,2.001189060642093,1.1805117199911423,3.392391272882603,0.01329215763146909,SÍ
Supervivencia 7 días,2.039532794249775,1.1500320707384548,3.617024363632995,0.02081483518812392,SÍ
Buen resultado neurológico,1.4221343873517787,0.6124799439934234,3.3020937836784667,0.5595872411390674,NO
